[{"model": "admin.logentry", "pk": 1, "fields": {"action_time": "2022-05-26T09:19:03.010Z", "user": 1, "content_type": 8, "object_id": "dsfsd", "object_repr": "dsfsd", "action_flag": 1, "change_message": "[{\"added\": {}}]"}}, {"model": "auth.permission", "pk": 1, "fields": {"name": "Can add log entry", "content_type": 1, "codename": "add_logentry"}}, {"model": "auth.permission", "pk": 2, "fields": {"name": "Can change log entry", "content_type": 1, "codename": "change_logentry"}}, {"model": "auth.permission", "pk": 3, "fields": {"name": "Can delete log entry", "content_type": 1, "codename": "delete_logentry"}}, {"model": "auth.permission", "pk": 4, "fields": {"name": "Can view log entry", "content_type": 1, "codename": "view_logentry"}}, {"model": "auth.permission", "pk": 5, "fields": {"name": "Can add permission", "content_type": 2, "codename": "add_permission"}}, {"model": "auth.permission", "pk": 6, "fields": {"name": "Can change permission", "content_type": 2, "codename": "change_permission"}}, {"model": "auth.permission", "pk": 7, "fields": {"name": "Can delete permission", "content_type": 2, "codename": "delete_permission"}}, {"model": "auth.permission", "pk": 8, "fields": {"name": "Can view permission", "content_type": 2, "codename": "view_permission"}}, {"model": "auth.permission", "pk": 9, "fields": {"name": "Can add group", "content_type": 3, "codename": "add_group"}}, {"model": "auth.permission", "pk": 10, "fields": {"name": "Can change group", "content_type": 3, "codename": "change_group"}}, {"model": "auth.permission", "pk": 11, "fields": {"name": "Can delete group", "content_type": 3, "codename": "delete_group"}}, {"model": "auth.permission", "pk": 12, "fields": {"name": "Can view group", "content_type": 3, "codename": "view_group"}}, {"model": "auth.permission", "pk": 13, "fields": {"name": "Can add user", "content_type": 4, "codename": "add_user"}}, {"model": "auth.permission", "pk": 14, "fields": {"name": "Can change user", "content_type": 4, "codename": "change_user"}}, {"model": "auth.permission", "pk": 15, "fields": {"name": "Can delete user", "content_type": 4, "codename": "delete_user"}}, {"model": "auth.permission", "pk": 16, "fields": {"name": "Can view user", "content_type": 4, "codename": "view_user"}}, {"model": "auth.permission", "pk": 17, "fields": {"name": "Can add content type", "content_type": 5, "codename": "add_contenttype"}}, {"model": "auth.permission", "pk": 18, "fields": {"name": "Can change content type", "content_type": 5, "codename": "change_contenttype"}}, {"model": "auth.permission", "pk": 19, "fields": {"name": "Can delete content type", "content_type": 5, "codename": "delete_contenttype"}}, {"model": "auth.permission", "pk": 20, "fields": {"name": "Can view content type", "content_type": 5, "codename": "view_contenttype"}}, {"model": "auth.permission", "pk": 21, "fields": {"name": "Can add session", "content_type": 6, "codename": "add_session"}}, {"model": "auth.permission", "pk": 22, "fields": {"name": "Can change session", "content_type": 6, "codename": "change_session"}}, {"model": "auth.permission", "pk": 23, "fields": {"name": "Can delete session", "content_type": 6, "codename": "delete_session"}}, {"model": "auth.permission", "pk": 24, "fields": {"name": "Can view session", "content_type": 6, "codename": "view_session"}}, {"model": "auth.permission", "pk": 25, "fields": {"name": "Can add student", "content_type": 7, "codename": "add_student"}}, {"model": "auth.permission", "pk": 26, "fields": {"name": "Can change student", "content_type": 7, "codename": "change_student"}}, {"model": "auth.permission", "pk": 27, "fields": {"name": "Can delete student", "content_type": 7, "codename": "delete_student"}}, {"model": "auth.permission", "pk": 28, "fields": {"name": "Can view student", "content_type": 7, "codename": "view_student"}}, {"model": "auth.permission", "pk": 29, "fields": {"name": "Can add school", "content_type": 8, "codename": "add_school"}}, {"model": "auth.permission", "pk": 30, "fields": {"name": "Can change school", "content_type": 8, "codename": "change_school"}}, {"model": "auth.permission", "pk": 31, "fields": {"name": "Can delete school", "content_type": 8, "codename": "delete_school"}}, {"model": "auth.permission", "pk": 32, "fields": {"name": "Can view school", "content_type": 8, "codename": "view_school"}}, {"model": "auth.permission", "pk": 33, "fields": {"name": "Can add book", "content_type": 9, "codename": "add_book"}}, {"model": "auth.permission", "pk": 34, "fields": {"name": "Can change book", "content_type": 9, "codename": "change_book"}}, {"model": "auth.permission", "pk": 35, "fields": {"name": "Can delete book", "content_type": 9, "codename": "delete_book"}}, {"model": "auth.permission", "pk": 36, "fields": {"name": "Can view book", "content_type": 9, "codename": "view_book"}}, {"model": "auth.user", "pk": 1, "fields": {"password": "pbkdf2_sha256$320000$eagdBbwrolYwcVL0DKGrJN$WutB/M6PhGJNH2e8KwNMYoo2sCf05gtC5Vs/4gnzsl4=", "last_login": "2022-05-26T09:18:31.757Z", "is_superuser": true, "username": "admin", "first_name": "", "last_name": "", "email": "admin@123.com", "is_staff": true, "is_active": true, "date_joined": "2022-05-25T19:59:54.840Z", "groups": [], "user_permissions": []}}, {"model": "contenttypes.contenttype", "pk": 1, "fields": {"app_label": "admin", "model": "logentry"}}, {"model": "contenttypes.contenttype", "pk": 2, "fields": {"app_label": "auth", "model": "permission"}}, {"model": "contenttypes.contenttype", "pk": 3, "fields": {"app_label": "auth", "model": "group"}}, {"model": "contenttypes.contenttype", "pk": 4, "fields": {"app_label": "auth", "model": "user"}}, {"model": "contenttypes.contenttype", "pk": 5, "fields": {"app_label": "contenttypes", "model": "contenttype"}}, {"model": "contenttypes.contenttype", "pk": 6, "fields": {"app_label": "sessions", "model": "session"}}, {"model": "contenttypes.contenttype", "pk": 7, "fields": {"app_label": "studentmanagementapp", "model": "student"}}, {"model": "contenttypes.contenttype", "pk": 8, "fields": {"app_label": "studentmanagementapp", "model": "school"}}, {"model": "contenttypes.contenttype", "pk": 9, "fields": {"app_label": "studentmanagementapp", "model": "book"}}, {"model": "sessions.session", "pk": "wp1sq0g9ry5y53n0qj02vxvqyswd2zbw", "fields": {"session_data": ".eJxVjLsOgkAUBf9la7NhvfvC0p5v2NwXghpIWKiM_64kFNqemTkvU3Bbh7JVXcoo5mKcOf1uhPzQaQdyx-k2W56ndRnJ7oo9aLXdLPq8Hu7fwYB1-NZNbilwL8o9sMYIoueUvShCar3DHCEypAxexFNoHFIgZd86JkySzPsD_3o4mg:1nu9dX:noqL-gHMcsjh-XboTc8Au6_4WZrBG_PPdI82ZTmzH_4", "expire_date": "2022-06-09T09:18:31.760Z"}}, {"model": "studentmanagementapp.student", "pk": 1, "fields": {"first_name": "Andy", "last_name": "Fullegar", "email": "afullegar0@wsj.com", "gender": "Female", "school": "Henry Gordon Academy", "books": "Sands of Iwo Jima"}}, {"model": "studentmanagementapp.student", "pk": 2, "fields": {"first_name": "Lucy", "last_name": "Olifard", "email": "lolifard1@macromedia.com", "gender": "", "school": "Lake Melville School", "books": "Connections"}}, {"model": "studentmanagementapp.student", "pk": 3, "fields": {"first_name": "Brianne", "last_name": "Reaman", "email": "breaman2@clickbank.net", "gender": "", "school": "Menihek High School", "books": ""}}, {"model": "studentmanagementapp.student", "pk": 4, "fields": {"first_name": "Lorrie", "last_name": "Fison", "email": "lfison3@nationalgeographic.com", "gender": "Male", "school": "J.C. Erhardt Memorial School", "books": "She Cried No (Freshman Fall)"}}, {"model": "studentmanagementapp.student", "pk": 5, "fields": {"first_name": "Alyss", "last_name": "Harcombe", "email": "aharcombe4@toplist.cz", "gender": "Female", "school": "Amos Comenius Memorial School", "books": "Big Nothing"}}, {"model": "studentmanagementapp.student", "pk": 6, "fields": {"first_name": "Cirillo", "last_name": "Ferby", "email": "cferby5@cbsnews.com", "gender": "", "school": "Northern Lights Academy", "books": "Opera Jawa"}}, {"model": "studentmanagementapp.student", "pk": 7, "fields": {"first_name": "Sandor", "last_name": "", "email": "shylands6@rambler.ru", "gender": "Male", "school": "Menihek High School", "books": "My Chauffeur"}}, {"model": "studentmanagementapp.student", "pk": 8, "fields": {"first_name": "Lev", "last_name": "Boyford", "email": "lboyford7@zdnet.com", "gender": "Male", "school": "Lake Melville School", "books": ""}}, {"model": "studentmanagementapp.student", "pk": 9, "fields": {"first_name": "Gram", "last_name": "Mecchi", "email": "gmecchi8@mysql.com", "gender": "Male", "school": "William Gillett Academy", "books": "Keane"}}, {"model": "studentmanagementapp.student", "pk": 10, "fields": {"first_name": "Glenine", "last_name": "Blakey", "email": "gblakey9@whitehouse.gov", "gender": "Female", "school": "Queen of Peace Middle School", "books": "Connections"}}, {"model": "studentmanagementapp.student", "pk": 11, "fields": {"first_name": "Grady", "last_name": "Diggins", "email": "gdigginsa@youtu.be", "gender": "Male", "school": "William Gillett Academy", "books": "Genghis Blues"}}, {"model": "studentmanagementapp.student", "pk": 12, "fields": {"first_name": "Edlin", "last_name": "Cotterel", "email": "ecotterelb@blinklist.com", "gender": "Male", "school": "St. Peter's School", "books": ""}}, {"model": "studentmanagementapp.student", "pk": 13, "fields": {"first_name": "Abraham", "last_name": "Crothers", "email": "acrothersc@comsenz.com", "gender": "Male", "school": "Menihek High School", "books": "She Cried No (Freshman Fall)"}}, {"model": "studentmanagementapp.student", "pk": 14, "fields": {"first_name": "Hedwig", "last_name": "Englefield", "email": "henglefieldd@mapquest.com", "gender": "Female", "school": "Northern Lights Academy", "books": ""}}, {"model": "studentmanagementapp.student", "pk": 15, "fields": {"first_name": "Chrisse", "last_name": "Blackburne", "email": "cblackburnee@geocities.jp", "gender": "Male", "school": "St. Peter's School", "books": "Sands of Iwo Jima"}}, {"model": "studentmanagementapp.student", "pk": 16, "fields": {"first_name": "Estelle", "last_name": "Tatteshall", "email": "etatteshallf@archive.org", "gender": "Female", "school": "Menihek High School", "books": "Basic Instinct"}}, {"model": "studentmanagementapp.student", "pk": 17, "fields": {"first_name": "Robinet", "last_name": "Godbert", "email": "rgodbertg@geocities.com", "gender": "Male", "school": "Henry Gordon Academy", "books": "Opera Jawa"}}, {"model": "studentmanagementapp.student", "pk": 18, "fields": {"first_name": "Hadrian", "last_name": "Dunaway", "email": "hdunawayh@cnbc.com", "gender": "Male", "school": "Mud Lake School", "books": ""}}, {"model": "studentmanagementapp.student", "pk": 19, "fields": {"first_name": "Dominik", "last_name": "Barrick", "email": "dbarricki@amazon.com", "gender": "Male", "school": "William Gillett Academy", "books": "Basic Instinct"}}, {"model": "studentmanagementapp.student", "pk": 20, "fields": {"first_name": "Caitlin", "last_name": "Whapham", "email": "cwhaphamj@cnn.com", "gender": "Female", "school": "Queen of Peace Middle School", "books": ""}}, {"model": "studentmanagementapp.student", "pk": 21, "fields": {"first_name": "Theodore", "last_name": "Gentric", "email": "tgentrick@free.fr", "gender": "", "school": "B.L. Morrison", "books": "Big Nothing"}}, {"model": "studentmanagementapp.student", "pk": 22, "fields": {"first_name": "Lurleen", "last_name": "Stickler", "email": "lsticklerl@whitehouse.gov", "gender": "Female", "school": "Northern Lights Academy", "books": ""}}, {"model": "studentmanagementapp.student", "pk": 23, "fields": {"first_name": "Hasheem", "last_name": "Got", "email": "hgotm@cnn.com", "gender": "Male", "school": "Amos Comenius Memorial School", "books": ""}}, {"model": "studentmanagementapp.student", "pk": 24, "fields": {"first_name": "Johnette", "last_name": "Shaudfurth", "email": "jshaudfurthn@yandex.ru", "gender": "Female", "school": "William Gillett Academy", "books": "Billy Bathgate"}}, {"model": "studentmanagementapp.student", "pk": 25, "fields": {"first_name": "Angel", "last_name": "Souter", "email": "asoutero@europa.eu", "gender": "", "school": "Menihek High School", "books": ""}}, {"model": "studentmanagementapp.student", "pk": 26, "fields": {"first_name": "Montgomery", "last_name": "Balm", "email": "mbalmp@ftc.gov", "gender": "", "school": "Queen of Peace Middle School", "books": "Sands of Iwo Jima"}}, {"model": "studentmanagementapp.student", "pk": 27, "fields": {"first_name": "Frank", "last_name": "Tilney", "email": "ftilneyq@wix.com", "gender": "", "school": "Northern Lights Academy", "books": ""}}, {"model": "studentmanagementapp.student", "pk": 28, "fields": {"first_name": "Ianthe", "last_name": "Merigeau", "email": "imerigeaur@eepurl.com", "gender": "Female", "school": "St. Peter's School", "books": "My Chauffeur"}}, {"model": "studentmanagementapp.student", "pk": 29, "fields": {"first_name": "Monica", "last_name": "Pasquale", "email": "mpasquales@home.pl", "gender": "Female", "school": "Jens Haven Memorial", "books": "Big Nothing"}}, {"model": "studentmanagementapp.student", "pk": 30, "fields": {"first_name": "Belicia", "last_name": "Cardillo", "email": "bcardillot@multiply.com", "gender": "Female", "school": "", "books": ""}}, {"model": "studentmanagementapp.student", "pk": 31, "fields": {"first_name": "Basil", "last_name": "Yedy", "email": "byedyu@free.fr", "gender": "", "school": "Henry Gordon Academy", "books": "My Chauffeur"}}, {"model": "studentmanagementapp.student", "pk": 32, "fields": {"first_name": "Milzie", "last_name": "Gyurkovics", "email": "mgyurkovicsv@gizmodo.com", "gender": "Female", "school": "Henry Gordon Academy", "books": "Connections"}}, {"model": "studentmanagementapp.student", "pk": 33, "fields": {"first_name": "Tierney", "last_name": "Moulsdall", "email": "tmoulsdallw@stanford.edu", "gender": "Female", "school": "St. Peter's School", "books": "Billy Bathgate"}}, {"model": "studentmanagementapp.student", "pk": 34, "fields": {"first_name": "Petey", "last_name": "Ovesen", "email": "povesenx@blogtalkradio.com", "gender": "", "school": "Lake Melville School", "books": ""}}, {"model": "studentmanagementapp.student", "pk": 35, "fields": {"first_name": "Nola", "last_name": "Stappard", "email": "nstappardy@imageshack.us", "gender": "Female", "school": "Queen of Peace Middle School", "books": "Basic Instinct"}}, {"model": "studentmanagementapp.student", "pk": 36, "fields": {"first_name": "Durant", "last_name": "Becken", "email": "dbeckenz@blinklist.com", "gender": "Male", "school": "B.L. Morrison", "books": "She Cried No (Freshman Fall)"}}, {"model": "studentmanagementapp.student", "pk": 37, "fields": {"first_name": "Otis", "last_name": "Bediss", "email": "obediss10@google.com.au", "gender": "", "school": "Mud Lake School", "books": ""}}, {"model": "studentmanagementapp.student", "pk": 38, "fields": {"first_name": "Diane-marie", "last_name": "Tommen", "email": "dtommen11@ask.com", "gender": "Female", "school": "", "books": ""}}, {"model": "studentmanagementapp.student", "pk": 39, "fields": {"first_name": "Lotte", "last_name": "Clell", "email": "lclell12@rambler.ru", "gender": "", "school": "Peacock Primary School", "books": "Billy Bathgate"}}, {"model": "studentmanagementapp.student", "pk": 40, "fields": {"first_name": "Sherwin", "last_name": "Pert", "email": "spert13@uiuc.edu", "gender": "Male", "school": "", "books": "Opera Jawa"}}, {"model": "studentmanagementapp.student", "pk": 41, "fields": {"first_name": "Anallese", "last_name": "Thireau", "email": "athireau14@omniture.com", "gender": "Female", "school": "Henry Gordon Academy", "books": ""}}, {"model": "studentmanagementapp.student", "pk": 42, "fields": {"first_name": "Chancey", "last_name": "Lehr", "email": "clehr15@prlog.org", "gender": "", "school": "William Gillett Academy", "books": ""}}, {"model": "studentmanagementapp.student", "pk": 43, "fields": {"first_name": "Tristam", "last_name": "Oram", "email": "toram16@berkeley.edu", "gender": "Male", "school": "St. Peter's School", "books": "Keane"}}, {"model": "studentmanagementapp.student", "pk": 44, "fields": {"first_name": "Niel", "last_name": "MacGaughey", "email": "nmacgaughey17@discuz.net", "gender": "Male", "school": "", "books": "My Chauffeur"}}, {"model": "studentmanagementapp.student", "pk": 45, "fields": {"first_name": "Koo", "last_name": "Favela", "email": "kfavela18@com.com", "gender": "Female", "school": "Lake Melville School", "books": ""}}, {"model": "studentmanagementapp.student", "pk": 46, "fields": {"first_name": "Roger", "last_name": "Sterre", "email": "rsterre19@github.com", "gender": "Male", "school": "", "books": "Genghis Blues"}}, {"model": "studentmanagementapp.student", "pk": 47, "fields": {"first_name": "Dalston", "last_name": "Alway", "email": "dalway1a@creativecommons.org", "gender": "Male", "school": "Henry Gordon Academy", "books": "Big Nothing"}}, {"model": "studentmanagementapp.student", "pk": 48, "fields": {"first_name": "Ryley", "last_name": "Gostridge", "email": "rgostridge1b@un.org", "gender": "Male", "school": "", "books": "Basic Instinct"}}, {"model": "studentmanagementapp.student", "pk": 49, "fields": {"first_name": "Loralee", "last_name": "Panton", "email": "lpanton1c@wsj.com", "gender": "Female", "school": "St. Peter's School", "books": ""}}, {"model": "studentmanagementapp.student", "pk": 50, "fields": {"first_name": "Lainey", "last_name": "Crossfield", "email": "lcrossfield1d@yolasite.com", "gender": "", "school": "Henry Gordon Academy", "books": "Keane"}}, {"model": "studentmanagementapp.student", "pk": 51, "fields": {"first_name": "viv", "last_name": "b", "email": "viv@gmail.com", "gender": "Male", "school": "Henry Gordon Academy", "books": "Sands of Iwo Jima"}}, {"model": "studentmanagementapp.student", "pk": 52, "fields": {"first_name": "viv", "last_name": "b", "email": "viv@gmail.com", "gender": "Male", "school": "Henry Gordon Academy", "books": "Sands of Iwo Jima"}}, {"model": "studentmanagementapp.student", "pk": 53, "fields": {"first_name": "viv", "last_name": "b", "email": "viv@gmail.com", "gender": "Male", "school": "Henry Gordon Academy", "books": "Sands of Iwo Jima"}}, {"model": "studentmanagementapp.student", "pk": 54, "fields": {"first_name": "viv", "last_name": "b", "email": "viv@gmail.com", "gender": "Male", "school": "Henry Gordon Academy", "books": "Sands of Iwo Jima"}}, {"model": "studentmanagementapp.student", "pk": 55, "fields": {"first_name": "viv", "last_name": "b", "email": "viv@gmail.com", "gender": "Male", "school": "Henry Gordon Academy", "books": "Sands of Iwo Jima"}}, {"model": "studentmanagementapp.student", "pk": 56, "fields": {"first_name": "viv", "last_name": "b", "email": "viv@gmail.com", "gender": "Male", "school": null, "books": null}}, {"model": "studentmanagementapp.student", "pk": 57, "fields": {"first_name": "viv", "last_name": "b", "email": "viv@gmail.com", "gender": "Male", "school": "Amos Comenius Memorial School", "books": "Keane"}}, {"model": "studentmanagementapp.school", "pk": "Amos Comenius Memorial School", "fields": {"regionid": 100, "email": "deancoombs@gmail.com", "principal": "Dean Coombs", "phone": "933-3815", "address2": "Hopedale, NL"}}, {"model": "studentmanagementapp.school", "pk": "B.L. Morrison", "fields": {"regionid": 100, "email": "carmensheppard@gmail.com", "principal": "Carmen Sheppard", "phone": "479-9811", "address2": "Postville, NL"}}, {"model": "studentmanagementapp.school", "pk": "Bayside Academy", "fields": {"regionid": 100, "email": "tomflynn@gmail.com", "principal": "Thompson Flynn", "phone": "960-0252", "address2": "Port Hope Simpson, NL"}}, {"model": "studentmanagementapp.school", "pk": "Henry Gordon Academy", "fields": {"regionid": 100, "email": "lindseylethbridge@gmail.com", "principal": "Lindsey Lethbridge", "phone": "938-7291", "address2": "Cartwright, NL"}}, {"model": "studentmanagementapp.school", "pk": "J.C. Erhardt Memorial School", "fields": {"regionid": 100, "email": "dionrideout@gmail.com", "principal": "Dion Rideout", "phone": "923-2275", "address2": "Makkovik, NL"}}, {"model": "studentmanagementapp.school", "pk": "Jens Haven Memorial", "fields": {"regionid": 100, "email": "jacoblarkin@gmail.com", "principal": "Jacob Larkin", "phone": "922-2813", "address2": "Nain, NL"}}, {"model": "studentmanagementapp.school", "pk": "Lake Melville School", "fields": {"regionid": 100, "email": "jenniferwhite@gmail.com", "principal": "Jennifer White", "phone": "497-8241", "address2": "North West River, NL"}}, {"model": "studentmanagementapp.school", "pk": "Menihek High School", "fields": {"regionid": 100, "email": "fraserdrover@gmail.com", "principal": "Fraser Drover", "phone": "944-7731", "address2": "Labrador City, NL"}}, {"model": "studentmanagementapp.school", "pk": "Mud Lake School", "fields": {"regionid": 100, "email": "aprilblake@gmail.com", "principal": "April Blake", "phone": "896-8632", "address2": "Mud Lake, NL"}}, {"model": "studentmanagementapp.school", "pk": "Northern Lights Academy", "fields": {"regionid": 100, "email": "tommugford@gmail.com", "principal": "Tom Mugford", "phone": "947-3350", "address2": "Rigolet, NL"}}, {"model": "studentmanagementapp.school", "pk": "Peacock Primary School", "fields": {"regionid": 100, "email": "vernabrown@gmail.com", "principal": "Verna Brown", "phone": "921-6245", "address2": "Mary's Harbour, NL"}}, {"model": "studentmanagementapp.school", "pk": "Queen of Peace Middle School", "fields": {"regionid": 100, "email": "markbonnell@gmail.com", "principal": "Mark Bonnell", "phone": "896-5315", "address2": "Happy Valley-Goose Bay, NL"}}, {"model": "studentmanagementapp.school", "pk": "St. Lewis Academy", "fields": {"regionid": 100, "email": "susanpoole@gmail.com", "principal": "Susan Poole", "phone": "939-2245", "address2": "St. Lewis, NL"}}, {"model": "studentmanagementapp.school", "pk": "St. Peter's School", "fields": {"regionid": 100, "email": "madelinekeefe@gmail.com", "principal": "Madeline Keefe", "phone": "471-8828", "address2": "Black Tickle, NL"}}, {"model": "studentmanagementapp.school", "pk": "William Gillett Academy", "fields": {"regionid": 100, "email": "pamelacampbell@gmail.com", "principal": "Pamela Campbell", "phone": "949-0223", "address2": "Charlottetown, LAB"}}, {"model": "studentmanagementapp.school", "pk": "bhramhan", "fields": {"regionid": 105, "email": "bhramhan@gmail.com", "principal": "vidya", "phone": "68461230", "address2": "jvjvjh"}}, {"model": "studentmanagementapp.school", "pk": "bhramhanu", "fields": {"regionid": 22, "email": "fhgfh@gmail.com", "principal": "vidya", "phone": "68461230", "address2": "jvjvjh"}}, {"model": "studentmanagementapp.school", "pk": "dsfsd", "fields": {"regionid": 1, "email": "vivekbhoye26@gmail.com", "principal": "sdf", "phone": "sdf", "address2": "fsd"}}, {"model": "studentmanagementapp.book", "pk": "Basic Instinct", "fields": {"author_name": "Mickie Solomonides", "date_of_publication": "2016-11-22", "number_of_pages": 4548}}, {"model": "studentmanagementapp.book", "pk": "Big Nothing", "fields": {"author_name": "Zachary Steely", "date_of_publication": "2016-10-05", "number_of_pages": 2427}}, {"model": "studentmanagementapp.book", "pk": "Billy Bathgate", "fields": {"author_name": "Glenn Mallindine", "date_of_publication": "2017-01-26", "number_of_pages": 76}}, {"model": "studentmanagementapp.book", "pk": "Connections", "fields": {"author_name": "Nilson Hallewell", "date_of_publication": "2018-02-06", "number_of_pages": 3619}}, {"model": "studentmanagementapp.book", "pk": "Genghis Blues", "fields": {"author_name": "Julienne Zelner", "date_of_publication": "2017-04-19", "number_of_pages": 2566}}, {"model": "studentmanagementapp.book", "pk": "Keane", "fields": {"author_name": "Jana Pyford", "date_of_publication": null, "number_of_pages": 4877}}, {"model": "studentmanagementapp.book", "pk": "My Chauffeur", "fields": {"author_name": "", "date_of_publication": "2017-10-06", "number_of_pages": 1018}}, {"model": "studentmanagementapp.book", "pk": "Opera Jawa", "fields": {"author_name": "Mei Mattevi", "date_of_publication": "2016-10-22", "number_of_pages": 1542}}, {"model": "studentmanagementapp.book", "pk": "Sands of Iwo Jima", "fields": {"author_name": "Philippine Hinemoor", "date_of_publication": "2017-11-20", "number_of_pages": 812}}, {"model": "studentmanagementapp.book", "pk": "She Cried No (Freshman Fall)", "fields": {"author_name": "Federico Stobo", "date_of_publication": "2018-02-06", "number_of_pages": 4395}}, {"model": "studentmanagementapp.book", "pk": "hcth", "fields": {"author_name": "kyfy tc", "date_of_publication": "2002-02-12", "number_of_pages": 6484}}]